Player,Position,Team
Cale Makar,D,ACC
Leon Draisaitl,F,ACC
Ryan O'Reilly,F,ACC
Noah Dobson,D,ACC
Jake Oettinger,G,ACC
Lucas Raymond,F,ACC
Roman Josi,D,ACC
Logan Cooley,F,ACC
Roope Hintz,F,ACC
Will Smith,F,ACC
Jake Allen,G,ACC
Jason Robertson,F,BIB
Tim Stutzle,F,BIB
Matthew Schaefer,D,BIB
Dylan Guenther,F,BIB
Morgan Geekie,F,BIB
Dylan Strome,F,BIB
Ryan Nugent-Hopkins,F,BIB
Carter Hart,G,BIB
Marco Rossi,F,BIB
Aaron Ekblad,D,BIB
Axel Sandin Pellikka,D,BIB
David Pastrnak,F,CSS
Andrei Vasilevskiy,G,CSS
Filip Forsberg,F,CSS
Juraj Slafkovsky,F,CSS
John Carlson,D,CSS
Pavel Dorofeyev,F,CSS
Rickard Rakell,F,CSS
Shayne Gostisbehere,D,CSS
Dylan Cozens,F,CSS
Ivan Demidov,F,CSS
Alexander Nikishin,D,CSS
Evan Bouchard,D,DRIFT
Zach Werenski,D,DRIFT
Adam Fox,D,DRIFT
Brandon Hagel,F,DRIFT
Sebastian Aho,F,DRIFT
Nick Schmaltz,F,DRIFT
J.T. Miller,F,DRIFT
Jared McCann,F,DRIFT
Zach Hyman,F,DRIFT
Jakub Dobes,G,DRIFT
Nikita Kucherov,F,Fishers
Kirill Kaprizov,F,Fishers
Mikko Rantanen,F,Fishers
Bryan Rust,F,Fishers
Gabriel Vilardi,F,Fishers
Logan Thompson,G,Fishers
Tomas Hertl,F,Fishers
Jacob Trouba,D,Fishers
Thomas Chabot,D,Fishers
Zeev Buium,D,Fishers
Connor McDavid,F,HPH
Alex DeBrincat,F,HPH
Mitch Marner,F,HPH
Steven Stamkos,F,HPH
Erik Karlsson,D,HPH
Pavel Zacha,F,HPH
Dylan Holloway,F,HPH
Scott Wedgewood,G,HPH
Joel Hofer,G,HPH
Sean Durzi,D,HPH
Vasily Podkolzin,F,HPH
Mark Scheifele,F,LYON
Jake Guentzel,F,LYON
Jack Hughes,F,LYON
Adrian Kempe,F,LYON
Brock Nelson,F,LYON
Rasmus Andersson,D,LYON
Mikhail Sergachev,D,LYON
Nikolaj Ehlers,F,LYON
Brady Tkachuk,F,LYON
Mike Matheson,D,LYON
Mika Zibanejad,F,Metz17
Matthew Tkachuk,F,Metz17
Mark Stone,F,Metz17
Aleksander Barkov,F,Metz17
Ilya Sorokin,G,Metz17
Alex Ovechkin,F,Metz17
Patrick Kane,F,Metz17
Morgan Rielly,D,Metz17
Ivan Barbashev,F,Metz17
Bowen Byram,D,Metz17
Dougie Hamilton,D,Metz17
Macklin Celebrini,F,MPV
William Nylander,F,MPV
Kyle Connor,F,MPV
Moritz Seider,D,MPV
Brock Faber,D,MPV
John Tavares,F,MPV
Brayden Point,F,MPV
Juuse Saros,G,MPV
Darcy Kuemper,G,MPV
Darnell Nurse,D,MPV
Ryan Leonard,F,MPV
Tage Thompson,F,PBW
Sam Reinhart,F,PBW
Miro Heiskanen,D,PBW
Tom Wilson,F,PBW
Kirill Marchenko,F,PBW
Matthew Knies,F,PBW
Vince Dunn,D,PBW
Joel Eriksson Ek,F,PBW
Yaroslav Askarov,G,PBW
Simon Nemec,D,PBW
Ivar Stenberg,F,PBW
Clayton Keller,F,POT
Drake Batherson,F,POT
Brandon Bussi,G,POT
Darren Raddysh,D,POT
MacKenzie Weegar,D,POT
Filip Hronek,D,POT
Alexis Lafreniere,F,POT
Beckett Sennecke,F,POT
Sergei Bobrovsky,G,POT
Matvei Gridin,F,POT
Easton Cowan,F,POT
Nathan MacKinnon,F,PPJ
Cole Caufield,F,PPJ
Quinn Hughes,D,PPJ
Jakob Chychrun,D,PPJ
Nico Hischier,F,PPJ
Dylan Larkin,F,PPJ
Bo Horvat,F,PPJ
Leo Carlsson,F,PPJ
Igor Shesterkin,G,PPJ
Shane Pinto,F,PPJ
Linus Ullmark,G,PPJ
Auston Matthews,F,RCBW
Martin Necas,F,RCBW
Jack Eichel,F,RCBW
Jesper Bratt,F,RCBW
Travis Konecny,F,RCBW
Cutter Gauthier,F,RCBW
Lukas Dostal,G,RCBW
Jordan Kyrou,F,RCBW
Shea Theodore,D,RCBW
Ukko-Pekka Luukkonen,G,RCBW
Pavel Mintyukov,D,RCBW
Nick Suzuki,F,SHB
Rasmus Dahlin,D,SHB
Jake Sanderson,D,SHB
Andrei Svechnikov,F,SHB
Mathew Barzal,F,SHB
Thomas Harley,D,SHB
Jeremy Swayman,G,SHB
Dustin Wolf,G,SHB
Aliaksei Protas,F,SHB
Logan Stankoven,F,SHB
Artemi Panarin,F,SYN
Karel Vejmelka,G,SYN
Elias Pettersson,F,SYN
Brandt Clarke,D,SYN
William Eklund,F,SYN
Matty Beniers,F,SYN
Jet Greaves,G,SYN
Gavin McKenna,F,SYN
Noah Hanifin,D,SYN
Seth Jones,D,SYN
Matvei Michkov,F,SYN
Lane Hutson,D,WWP
Sam Bennett,F,WWP
Elias Lindholm,F,WWP
Chris Kreider,F,WWP
Mackenzie Blackwood,G,WWP
JJ Peterka,F,WWP
Simon Edvinsson,D,WWP
Anton Lundell,F,WWP
Pyotr Kochetkov,G,WWP
Jacob Markstrom,G,DRIFT
Brad Marchand,F,Fishers
Frederik Andersen,G,Fishers
Adam Fantilli,F,HPH
Connor Hellebuyck,G,LYON
Troy Terry,F,LYON
Filip Gustavsson,G,Metz17
Charlie McAvoy,D,PPJ
Thatcher Demko,G,PPJ
Kevin Fiala,F,SHB
Seth Jarvis,F,WWP
Connor Bedard,F,WWP
Isak Rosen,F,ACC
Drew Commesso,G,ACC
Justin Carbonneau,F,ACC
Michael Hage,F,ACC
Ryker Lee,F,ACC
Ryan Lin,D,ACC
Benjamin Rautiainen,F,ACC
Anton Silayev,D,ACC
Daniil But,F,BIB
Jonathan Lekkerimaki,F,BIB
David Reinbacher,D,BIB
Braeden Cootes,F,BIB
Wyatt Cullen,F,BIB
Carl Lindbom,G,BIB
Alexei Medvedev,G,BIB
Alexander Zharovsky,F,BIB
Jesper Wallstedt,G,CSS
Matt Savoie,F,CSS
Isaac Howard,F,CSS
Devin Cooley,G,CSS
Denver Barkey,F,CSS
Lian Bichsel,D,CSS
Trevor Connelly,F,CSS
Adam Novotny,F,CSS
Jimmy Snuggerud,F,DRIFT
Danila Yurov,F,DRIFT
Jett Luchanko,F,DRIFT
Maxim Shabanov,F,DRIFT
Wilmer Skoog,F,DRIFT
Trent Miner,G,DRIFT
Michael Hrabal,G,DRIFT
Xavier Villeneuve,D,DRIFT
Roman Kantserov,F,Fishers
Zayne Parekh,D,Fishers
Sebastian Cossa,G,Fishers
Bradly Nadeau,F,Fishers
Victor Eklund,F,Fishers
Carter Bear,F,Fishers
Jake O'Brien,F,Fishers
Cole Hutson,D,HPH
Dalibor Dvorsky,F,HPH
Colten Ellis,G,HPH
Ethan Belchetz,F,HPH
Viggo Bjorck,F,HPH
J.P. Hurlbert,F,HPH
Adam Jiricek,D,HPH
Jackson Smith,D,HPH
Braeden Bowman,F,LYON
Arseny Gritsyuk,F,LYON
Konsta Helenius,F,LYON
Michael Brandsegg-Nygard,F,LYON
Trey Augustine,G,LYON
Alexander Command,F,LYON
Cayden Lindstrom,F,LYON
Mikhail Yegorov,G,LYON
Shakir Mukhamadullin,D,Metz17
Noah Laba,F,Metz17
Nikita Chibrikov,F,Metz17
Pavol Regenda,F,Metz17
Alex Steeves,F,Metz17
Dylan Garand,G,Metz17
Rory Kerins,F,Metz17
Erik Kallgren,G,Metz17
Devon Levi,G,MPV
Rutger McGroarty,F,MPV
Artur Akhtyamov,G,MPV
Quinn Hutson,F,MPV
Nikita Klepov,F,MPV
Roger McQueen,F,MPV
Chase Reid,D,MPV
Daxon Rudolph,D,MPV
Sam Rinzel,D,PBW
Justin Sourdif,F,PBW
Sacha Boisvert,F,PBW
Nikita Grebenkin,F,PBW
Oscar Hemming,F,PBW
Aatos Koivu,F,PBW
Alberts Smits,D,PBW
Bill Zonnon,F,PBW
Gabe Perreault,F,POT
Michael Misa,F,POT
Vitali Pinchuk,F,POT
James Hagens,F,POT
Ilya Protas,F,POT
Andrew Cristall,F,POT
Cole Eiserman,F,POT
Tom Willander,D,PPJ
Conor Geekie,F,PPJ
Nate Danielson,F,PPJ
Radim Mrtka,D,PPJ
Colby Barlow,F,PPJ
Carson Carels,D,PPJ
Jagger Firkus,F,PPJ
Caleb Malhotra,F,PPJ
Sam Dickinson,D,RCBW
Oliver Moore,F,RCBW
Alex Bump,F,RCBW
Luca Cagnoni,D,RCBW
Michael DiPietro,G,RCBW
Aiden Fink,F,RCBW
William Horcoff,F,RCBW
Sam O'Reilly,F,RCBW
Carter Yakemchuk,D,SHB
Brady Martin,F,SHB
Ville Koivunen,F,SHB
Matthew Poitras,F,SHB
Carter George,G,SHB
Jack Ivankovic,G,SHB
Tynan Lawrence,F,SHB
Cameron Schmidt,F,SHB
Porter Martone,F,SYN
Artyom Levshunov,D,SYN
Noah Ostlund,F,SYN
Berkly Catton,F,SYN
Kashawn Aitcheson,D,SYN
Tommy Bleyl,D,SYN
Tij Iginla,F,SYN
Charlie Stramel,F,SYN
Jacob Fowler,G,WWP
Pyotr Andreyanov,G,WWP
Caleb Desnoyers,F,WWP
Joshua Ravensbergen,G,WWP
Cole Reschny,F,WWP
Liam Ruck,F,WWP
Markus Ruck,F,WWP
Keaton Verhoeff,D,WWP
Daniel Vladar,G,ACC
Owen Power,D,ACC
Zach Benson,F,ACC
Cole Perfetti,F,ACC
John Gibson,G,BIB
Ryan Hartman,F,BIB
Cam York,D,BIB
Owen Tippett,F,CSS
Jake Walman,D,CSS
Josh Doan,F,CSS
Jordan Binnington,G,CSS
Travis Sanheim,D,DRIFT
Evgeni Malkin,F,DRIFT
Luke Evangelista,F,DRIFT
Blake Coleman,F,DRIFT
Ville Husso,G,DRIFT
Victor Hedman,D,Fishers
Sergei Murashov,G,Fishers
Matt Duchene,F,Fishers
Valeri Nichushkin,F,Fishers
Egor Chinakhov,F,Fishers
Anthony Cirelli,F,HPH
Charlie Coyle,F,HPH
Mattias Samuelsson,D,HPH
Justin Faulk,D,HPH
Esa Lindell,D,LYON
Trevor Zegras,F,LYON
Jake McCabe,D,LYON
Tristan Jarry,G,LYON
Sidney Crosby,F,Metz17
Josh Morrissey,D,Metz17
Mason McTavish,F,Metz17
Alex Lyon,G,Metz17
Timo Meier,F,MPV
Anton Frondell,F,MPV
Brandon Montour,D,MPV
Frank Nazar,F,MPV
Nazem Kadri,F,PBW
Spencer Knight,G,PBW
Jackson Blake,F,PBW
K'Andre Miller,D,PBW
Alex Tuch,F,POT
Quinton Byfield,F,POT
Philip Broberg,D,POT
Stuart Skinner,G,POT
Brock Boeser,F,PPJ
Colton Parayko,D,PPJ
Kevin Lankinen,G,PPJ
Kaiden Guhle,D,PPJ
Vincent Trocheck,F,RCBW
Alex Laferriere,F,RCBW
Josh Norris,F,RCBW
Jamie Drysdale,D,RCBW
Mikael Granlund,F,SHB
Benjamin Kindel,F,SHB
Joey Daccord,G,SHB
Mavrik Bourque,F,SHB
Jackson LaCombe,D,SYN
Artturi Lehkonen,F,SYN
Luke Hughes,D,SYN
Arturs Silovs,G,SYN
Wyatt Johnston,F,WWP
Matt Boldy,F,WWP
Robert Thomas,F,WWP
Mats Zuccarello,F,WWP
Igor Chernyshov,F,WWP
Calum Ritchie,F,WWP
